キャラ名,グレード,武器種,スタイル名,スキル1,スキル2,スキル3,アビリティ1,アビリティ2,アビリティ3,実装時期
A.J.,SS,体術,良い子にしてたかい？,連打脚,ウインドケージ,クリムゾンシュート,お待ちかねのプレゼント,フォーカスフィールド,攻援の戦技Ⅵ＆練気Ⅹ・Ⅲ,2024/12/24
A.J.,SS,体術,こだわりの格闘家,クリムゾンロール,竜巻紅蓮脚,エクストラウィンド,正しい力の伝え方,フォーカスボルテージ,体術の極み・真Ⅶ＆練気Ⅶ・Ⅱ,2025/06/06
A.J.,SS,体術,母と子と,瞬裂撃,ラッシュキック＋,烈風旋脚,フォーカスフィールド,ヒーリングフィールド,体術の天稟・真Ⅵ＆練気Ⅲ・Ⅱ,2025/11/28
A.J.,SS,体術,あの頃,トライクリムゾン,紅連撃,獄炎獅蹴,覚悟の右脚,一意専心Ⅲ,グラセショード＆練気Ⅶ・Ⅲ,2025/12/11
Diva No.5,SS,大剣,楽しんでくださいね,蒼氷剣（大剣技),清澄なる一撃,歌劇雪月花,歌姫の独壇場,幸せを届ける歌姫,大剣の極み・真Ⅶ＆練気Ⅱ・Ⅰ,2024/12/17
Diva No.5,SS,大剣,少しでも足止めを,ホッピングカッター,電磁多段切り,のこぎり昇斬,全身全霊の足止め,スパークチャージ,大剣の極み・真Ⅶ＆練気Ⅶ・Ⅱ,2025/05/16
Diva No.5,SS,大剣,ホラーナイトパレード,スパークリングプラズマ,アイシクルボルト,ホラーナイトダンシング,心踊るホラーナイト,プラズマアシスト,闘いの天稟・真Ⅶ＆練気Ⅵ・Ⅲ,2025/10/01
Dr.クライン,SS,銃,新たな挑戦の地,改造手術Ⅰ,エイムショット＋,改造手術Ⅱ,無限の可能性,ヒーリングエリア,攻援の戦技Ⅶ＆決意Ⅰ,2026/01/20
T260G,SS,銃,コアに当てないように,電熱ボール,崩壊雷熱砲,サンダーフルバースト,強力無比な射撃,ジャミングフィールド,妨害の戦技Ⅴ＆練気Ⅹ・Ⅳ,2025/05/16
アーニャ,SS,小剣,異世界に来たって感じ,ルミナススペルセ,トロワルミエール,新春乱れ咲き,初めての着物,アサルトフィールド,攻援の戦技Ⅵ＆練気Ⅳ・Ⅱ,2024/12/31
アーニャ,SS,小剣,止まってはいられない,セイントレイン,ホーリースパイク,エトワールバリエール,殻を破った少女,突陽激化Ⅵ(器用さ・知力),防援の戦技Ⅳ＆決意Ⅳ・Ⅲ,2025/06/06
アーニャ,SS,小剣,自分の足で駆ける時,光双突,ピアッシングルミエール,ピアッシングレイン,自分の意志で,光の導き,闘いの天稟・真Ⅶ＆練気Ⅴ・Ⅲ,2025/12/06
アールヴ,SS,大剣,天空ロック！,縮地剣(大剣技),旋回乱撃,ソングオブアールヴ,なんでもアリのロック,斬突激化Ⅵ(腕力・知力),闘いの天稟・真Ⅶ＆練気Ⅴ・Ⅴ,2025/08/29
アイシャ,SS,斧,正面突破です！,焔刃斬,炎輝四斧,火炎旋昇,ニーサ神の加護,ヴァリアントフィールド,超援の戦技Ⅵ＆練気Ⅲ・Ⅲ,2025/04/24
アイシャ,SS,斧,心が教えてくれる,ラーヴァフォール,焦土豪炎球,バーニングアサルト,心に刻む思い出,打熱活性Ⅲ(腕力・知力),闘いの極み・真Ⅷ＆練気Ⅹ・Ⅱ,2026/01/15
アイス,SS,弓,これが俺のサンタ道,火練矢,ハピネスプレゼント,ルミナスギフト,煙突からの贈り物,プロテクションフィールド,攻援の戦技Ⅵ＆決意Ⅲ,2024/12/24
アイス,SS,弓,少しやる気,三炎矢,紅蓮矢雨,カーネリアンシャイン,不穏な気配,不動の照準,弓の天稟・真Ⅵ＆練気Ⅲ・Ⅱ,2025/06/11
アイス,SS,弓,アサツキ公,蒼弓紅柱,ダンシングアロー,さみだれ炎弓,不動の照準,炎の領域,攻援の戦技Ⅵ＆決意Ⅵ・Ⅲ,2025/11/28
アイス,SS,弓,やる気,サウザンドファイア,烈風砕破弓,灯火奮迅,シガラミと未来,突熱激化Ⅵ(体力・器用さ),グラセショード＆練気Ⅲ・Ⅳ,2025/12/06
アウナス,SS,斧,灰も滅する灼熱の地,四炎御降,炎輪轟破(防御術),魔炎長の謀,焼き尽くす炎,ディフェンダープライドⅢ,鉄壁の戦技Ⅶ＆練気Ⅲ,2025/11/28
アザミ,SS,体術,花より団子の術よ,竜巻炎壁,忍法・分身昇炎,炎蹴撃・桜,忍法・花より団子の術,革命の一撃Ⅲ,闘援の戦技Ⅴ・Ⅰ＆練気Ⅱ・Ⅰ,2025/03/07
アズーレ,SS,小剣,海神に願うべきことは,スプラッシュスタッド,ランページウェイヴ＋,ハイドロスピア,海神の護り人,解放への渇望,攻援の戦技Ⅵ＆練気Ⅳ・Ⅲ,2025/01/16
アスラナ・メレク,SS,体術,魂を写し取って,ソニックキック,アトラクティヴロンド,カービングブラスター,魂の入った石,フォートレスフィールド,闘いの極み・真Ⅷ＆練気Ⅴ・Ⅳ,2025/09/09
アセルス,SS,剣,永遠に少女のままで,ツインブラック,三妖剣,幻魔剣舞,選んだ生き方,エレメントフィールド(斬・陰),攻援の戦技Ⅵ＆練気Ⅰ・Ⅰ,2024/11/28
アセルス,SS,剣,陰キャには似合わない,スピニングブラッド,七刃晦冥,三妖牙斬,妖魔は個人主義,半妖の剣技,剣の天稟・真Ⅵ＆練気Ⅳ・Ⅰ,2025/02/28
アセルス,SS,剣,今の自分を信じて,妖気双連,幻魔弐舞,妖力覚醒,今を生きる半妖,紫の剣技,剣の極み・真Ⅶ＆練気Ⅶ・Ⅲ,2025/08/22
アセルス,SS,剣,記憶を奪われても,ダークネスフィフス,幻魔乱舞,幻魔裂斬,アイデンティティ,半妖の戦技,攻援の戦技Ⅶ＆練気Ⅶ・Ⅳ,2026/01/15
アデル,SS,大剣,勝利に全てを捧げよう,剣光三閃,白光六閃,獅子奮刃,半神の宿命,生きる人々の為に,大剣の天稟・真Ⅵ＆練気Ⅹ・Ⅱ,2025/02/28
アデル,SS,大剣,世界を生みし者は？,光明の剣技,光芒白連斬,獅子一閃,招かれた理由,エレメントボルテージ(斬・陽),大剣の極み・真Ⅶ＆練気Ⅹ・Ⅵ,2025/08/15
アドラー,SS,大剣,早く帰りたい,技巧の構え＋,白迅四閃,技練の剣舞,気弱な声援,プロテクションフィールド,攻援の戦技Ⅵ＆決意Ⅱ・Ⅲ,2024/12/06
アドラー,SS,大剣,芽吹きの剣士,勇双剣,剣輝七閃,ブレイブリークロス,殻を破った剣士,アサルトフィールドⅢ,大剣の極み・真Ⅶ＆練気Ⅳ・Ⅰ,2025/05/29
アドラー,SS,大剣,勇盾の騎士,勇壮三撃,ノーブルスラッシュ,ロイヤルコンヴィクション,ロード・メモリア,根付に込められた想い,騎士の戦技Ⅷ＆決意Ⅶ・ⅩⅩ,2025/11/28
アドラー,SS,大剣,近衛騎士,冷凍剣,トリプルクラッシュ＋,白刃千撃,勇気の結実,洗練された剣技,大剣の極み・真Ⅶ＆練気Ⅹ・Ⅵ,2025/11/28
アニー,SS,剣,あんたの大切な人は？,幻影剣,ラブリースイーツ,山盛り友チョコ,届けたい気持ち,アサルトフィールド,攻援の戦技Ⅵ＆練気Ⅱ・Ⅲ,2025/02/14
アニー,SS,剣,ビーチボールだぜ,飛剣＋,ビーチスラッシュ,トロピカルナイトスラッシュ,命懸けのビーチボール,斬突激化Ⅵ(腕力・体力),剣の極み・真Ⅶ＆練気Ⅱ・Ⅱ,2025/07/01
アポロン,SS,体術,88鍵でも問題ない,マサムネ連閃,天の熱線,歌劇マサムネ,夢を与える者,エレメントボルテージ(斬・熱),闘いの天稟・真Ⅶ＆練気Ⅵ・Ⅲ,2025/08/29
アメイヤ,SS,剣,魔精の稼ぎ時ね！,ホーリーフリーズ,ホリデーマジック,マジカルアイス,魔女からのプレゼント,エレメントフィールド(冷・陽),攻援の戦技Ⅵ＆練気Ⅳ・Ⅱ,2024/12/24
アメイヤ,SS,剣,この世界にも災厄が？,ホワイトサンダーボール,白豪雷,魔女と従士と使い魔と,魔女の夢,ヴァリアントフィールド,攻援の戦技Ⅵ＆決意Ⅴ,2025/05/29
アラケス,SS,槍,血と汗を標す地,切り刺し＋,ウォーリアブースト,剛断双穿,魔戦士公の力,直接反骨,闘いの極み・真Ⅷ＆練気Ⅳ・Ⅲ,2025/11/28
アルカイザー,SS,体術,ヒーローの出番だぜ,フラッシュスピン,ナックルウェイブ,必殺カイザーストライク,イカヅチに呼ばれたヒーロー,超加速パシュート,体術の極み・真Ⅶ＆練気Ⅶ・Ⅲ,2025/05/29
アルベルト,SS,剣,守るべき物の為に,光護剣,シャインエッジ,光華裂斬,歩み続ける意志,エレメントフィールド(斬・陽),闘援の戦技Ⅴ・Ⅰ＆練気Ⅳ・Ⅱ,2025/05/23
アレツ,SS,大剣,煌翼審鎧,波動斬・天泣,波動斬・地怒,波動斬・天地万有,狂的美麗な剣技,ファタムボルテージⅦ,四元の戦技Ⅶ＆練気Ⅹ・Ⅶ,2025/12/17
アレツ,SS,大剣,慈悲深き騎士,勇双剣,狂咲雪月花,波動斬・塵芥,圧倒する白翼,斬打激化Ⅵ(腕力・体力),闘いの極み・真Ⅷ＆決意Ⅱ・Ⅴ,2025/12/17
アンリ,SS,小剣,運命は切り開くもの,ライトドライバー,ブルールミナス,シャインペネトレーター,変化の切っ掛け,突陽激化Ⅵ(器用さ・知力),妨害の戦技Ⅴ＆練気Ⅳ・Ⅳ,2025/07/18
イヴェリス,SS,剣,今日は我が祝いの日,飛氷刃,凍傷斬,泡沫傷斬,課せられた使命,烙印の裁き(冷),攻援の戦技Ⅵ＆練気Ⅰ・Ⅱ,2024/12/31
イゴマール,SS,杖,あんたの話はお終いよ,スクラッチヴォイド,影滅の裁き,ファントムトリック,あたしが主役,オーバーステータスフィールド,超援の戦技Ⅵ＆練気Ⅱ・Ⅱ,2025/02/21
イスカンダール,SS,剣,答えは頂上にある,白刃昇,守護の煌旋,黄煌連舞,塔の頂上へ,未知への誘い,鉄壁の戦技Ⅶ＆練気Ⅱ・Ⅰ,2024/11/28
イリス,SS,小剣,新たな世界の救済を,光芒一閃,皇嗣の指導,ヘブンズインペール,日輪の道行,光の領域,小剣の天稟・真Ⅵ＆練気Ⅴ・Ⅲ,2025/08/15
イリス,SS,小剣,どの道にも必ず答えが,練気光,ラスターレイ＋,ルミナスフォース,迷わず勇気を持って,ディフェンダープライドⅢ,鉄壁の戦技Ⅶ＆練気Ⅱ・Ⅲ,2026/01/15
ヴァッハ神,SS,杖,この挑戦受けて立つ！,炎の大槌,ヴォルケーノクラック,オクトフランメ,翔け登る女神,魔術神の戯れ,杖の極み・真Ⅶ＆練気Ⅶ・Ⅱ,2024/11/28
ヴァッハ神,SS,杖,目立っちゃうわね,発火領域,石熱連破,夜空の大輪,今は楽しもう,ドーンと弾けて！,超充の戦技Ⅶ＆練気Ⅳ・Ⅲ,2025/08/08
ヴァッハ神,SS,杖,歪んだ魔術の領域で,地晶四落,橙炎輝,とっておきの魔術領域,何でもありの大魔術,ウェポンフィールドⅥ(杖),闘援の戦技Ⅴ・Ⅰ＆練気Ⅹ・Ⅲ,2025/12/11
ヴァルドー,SS,体術,道を求める者は美しい,ディグインパクト,ドリルスプリント,過酷な修行,導く為のドリル,道場主の拳,攻援の戦技Ⅵ＆練気Ⅶ・Ⅱ,2025/05/29
ヴァンアーブル,SS,杖,大きな力を受け入れて,震雷球,雷球五重唱,ライトニングノヴァ,埋まりゆく心の穴,エレメントフィールド(打・雷),攻援の戦技Ⅵ＆練気Ⅳ・Ⅲ,2025/04/10
ヴァンパイアレディ,SS,小剣,騒ぐな、陽キャども,シャドウピアス,ヴァイオレットグロー,ダークミラージュ,陰のバランサー,エレメントフィールド(突・陰),闘援の戦技Ⅴ・Ⅰ＆練気Ⅰ・Ⅱ,2025/02/28
ウィル,SS,棍棒,エッグが蘇ったのか,脚砕き,獄炎柱嵐,炎星轟翔撃,ヴァリアントエリア,アサルトフィールド,棍棒の極み・真Ⅵ＆決意Ⅲ・Ⅰ,2025/04/01
ウィル,SS,棍棒,まだまだこれからだ,ドライフラム,領域業火,歴史を駆けた二人,謙虚なタイクーン,タイクーン・ウィル,棍棒の極み・真Ⅶ＆練気Ⅴ・Ⅲ,2025/04/01
ウェイ＝クビン,SS,体術,今度こそ、完成だ！,召巌＋,ストーンメイス,魔の研究,究極の研究,ヴァリアントエリア,攻援の戦技Ⅶ＆決意Ⅳ,2025/10/01
ウォード,SS,大剣,そのお宝は俺のものだ,テトラスラッシュ,四連劫火斬,閃光十紋衝,ユーステルムの傭兵,必殺の間合い,闘いの極み・真Ⅷ＆練気Ⅳ・Ⅵ,2025/11/07
ウルピナ,SS,剣,姉さまに褒められたい,二刀縮地剣,二刀叛逆剣,二兎一閃,想像できないカワイさ,ディフェンダープライドⅢ,鉄壁の戦技Ⅶ＆練気Ⅳ・Ⅱ,2025/04/17
ウルピナ,SS,剣,星神を超える刻？,幻影剣,剣姫四閃,双舞蜻蛉剣,ツチノコを追う姫,エレメントフィールド(斬・突),剣の極み・真Ⅶ＆練気Ⅴ・Ⅲ,2025/07/24
ウルピナ,SS,剣,為すべき事を為す時,クロスカット,二刀波紋斬,剣姫麗舞,イカヅチが導く世界で,ヒーリングエリア,攻援の戦技Ⅶ＆決意Ⅳ,2025/11/14
ウンディーネ,SS,杖,玄武術を使わなくても,ライトニングバブル,ライトニングクラップ,紅白水雷球,気高く美しい玄武術士,エレメントフィールド(冷・雷),防援の戦技Ⅳ＆決意Ⅳ・Ⅲ,2025/01/08
エイディル,SS,弓,新たな覇業の地,専心射ち＋,瞬速の双弓,緑風弓・不動,世界統一の天命,スーパーオーバーフィールド,超充の戦技Ⅶ＆練気Ⅰ,2025/07/20
エスパーガール,SS,杖,素敵な世界に来れたわ,結束の魂,サイキックインフェルノ,ディメンションブレイズ,のんびり出来る世界,リザーブフィールドⅣ,攻援の戦技Ⅵ＆決意Ⅴ・Ⅲ,2025/05/01
エスパーガール,SS,杖,これが「超」能力です,領域黒火,闇火の祝祭,サイキックギフト,「超」能力の私,フレイムチャージ,攻援の戦技Ⅶ＆練気Ⅴ・Ⅱ,2025/12/24
エスパーマン,SS,体術,叩きつけてやれ！,六連雷撃泡＋,プラズマレーザー(水術),サイコビート,俺は突っ走る,冷雷激化Ⅵ(体力・知力),闘いの極み・真Ⅷ＆練気Ⅶ・Ⅴ,2025/08/29
エミリア,SS,銃,色々あったわね～,ヒールトリガー,祝福の乾杯,シャイニングキャノン,パーティーモデル,オーバーステータスフィールド,超援の戦技Ⅵ＆決意Ⅲ,2024/12/17
エミリア,SS,銃,傭兵コスチュームよ,クリアバレット,トリプルバースト,アンブッシュファイア,薄着な傭兵,エレメントボルテージ(打・陽),銃の天稟・真Ⅵ＆練気Ⅴ・Ⅱ,2025/05/29
エミリー,SS,銃,OTAKU，カモン！,テンペストソーン,ホライゾンショット,バーストブレイカー,リズムに合わせて,アナイアレートフィールド,闘いの極み・真Ⅷ＆練気Ⅴ・Ⅳ,2025/08/29
エリザベート,SS,棍棒,殴られたい奴は並べよ,光癒撃,熱鍋ビート＋,フライパンプレス,怒りの連打,アナライズフィールド,棍棒の極み・真Ⅶ＆決意Ⅹ・Ⅳ,2025/06/17
エリザベート,SS,棍棒,LOVEしかないの,焼き打ち＋,ドライフラム,フライパンハート,ラブに全振り,幸せの鉄鍋,闘いの極み・真Ⅷ＆錬気Ⅴ・Ⅱ,2026/02/10
エレン,SS,斧,晴れ着をもらったのよ,斬石波,クリムゾントルネード,おみくじダイナミック,着飾る喜び,アナライズフィールド,攻援の戦技Ⅵ＆練気Ⅰ・Ⅱ,2024/12/31
エレン,SS,斧,歓迎はされてないわね,朱断二閃,八撃崩斧,クリムゾンスパイラル,招かれざる招待客,斬打激化Ⅵ(腕力・愛),斧の極み・真Ⅶ＆練気Ⅵ・Ⅲ,2025/06/17
エレン,SS,斧,斧なら自由自在よ,斧技闘舞,八撃崩斧,クリムゾンワール,変幻自在の斧技,エレメントボルテージ(斬・打),闘いの天稟・真Ⅶ＆練気Ⅹ・Ⅳ,2025/10/31
オアイーブ,SS,剣,すべてが変わっても,奮起の舞,救世の祈り,雲外蒼天の舞,全てが変わった刻,救世の神託,攻援の戦技Ⅶ＆決意Ⅹ・Ⅶ,2025/10/24
オウル,SS,杖,お前の未来が見えるよ,召巌＋,シーネフォ・ペトラ,深翠の抱擁,ヴァリアントフィールド,大同の希望Ⅴ,攻援の戦技Ⅶ＆決意Ⅱ・Ⅵ,2026/01/20
オグニアナ,SS,斧,姫なんて御免だね,ヒールアクス＋,三重断斧,双斧の共鳴,不自由な姫さま,アサルトフィールドⅢ,攻援の戦技Ⅶ＆練気Ⅴ・Ⅳ,2025/10/09
オトマン,SS,大剣,ここは任せておけ,小手狩り＋,ツインシルバースラッシュ,剣士の波紋,銀の手に導かれし剣士,ウェポンレゾナンスⅦ(剣・大剣),大剣の極み・真Ⅶ＆練気Ⅹ・Ⅲ,2025/05/09
オルレット,SS,棍棒,チョコが欲しいのか？,炎の抱擁,焔炎渦中,チョコレートキャンドル,焼き尽くす愛の炎,エレメントフィールド(打・熱),棍棒の極み・真Ⅶ＆練気Ⅹ・Ⅰ,2025/02/14
オルレット,SS,棍棒,オルレット狂奏曲よ,ロックファイア＋,焼熱のオーラ,バーニングソング,私の為の曲,ウェポンフィールドⅥ(棍棒),鉄壁の戦技Ⅶ＆練気Ⅱ・Ⅲ,2025/08/29
オルロワージュ,SS,杖,試しの時が来た,闇連球,寵姫連携,寵姫の面影,永遠からの脱却,打陰活性Ⅲ(知力・魅力),闘いの天稟・真Ⅶ＆練気Ⅰ,2025/11/21
ガーネット,SS,杖,撤退してください！,灯鳥＋,フレアサイクロン,炎の天輪,謎と危険は隣り合わせ,パワーエンチャント(熱),闘援の戦技Ⅴ・Ⅰ＆決意Ⅱ・Ⅰ,2025/06/26
カタリナ,SS,大剣,一休みしていいのか？,フロストブレイク,真空氷斬,グラセクレイル,一時の休息,エレメントボルテージ(斬・冷),大剣の極み・真Ⅶ＆練気Ⅶ・Ⅲ,2025/01/30
カタリナ,SS,大剣,下衆の隠れ家か,氷刃断,氷牙連刃,降滝雪月花,救出を誓う剣,ブリザードチャージ,大剣の極み・真Ⅶ＆練気Ⅶ・Ⅲ,2025/06/11
カタリナ,SS,大剣,滑らせるように刃を,氷刃五閃,ウェイクアップフロスト,白刃霜天斬,氷上の剣士,斬冷激化Ⅵ(腕力・体力),闘いの極み・真Ⅷ＆練気Ⅹ・Ⅱ,2025/11/07
かみ,SS,体術,試される「かみ」の力,しんぱん,きばらし,てんちゅう,わたしはかみ,ぜんのう,ばんのう,2024/11/28
かみ,SS,体術,クラウド・レルム再訪,かみのこぶし,ねつりんげき,いてつくほしぼし,かみのきかん,てんのちから,闘いの極み・真Ⅷ＆練気Ⅹ・Ⅲ,2025/09/09
かみ,SS,体術,陽はまた昇るぞ,かどまつ,てんさい,いんせき,陽は何度でも昇る,ゴッドボルテージⅥ,闘いの極み・真Ⅷ＆決意ⅩⅩ・Ⅵ,2025/12/31
カモフック,SS,銃,そのまんまじゃんか！,ウォーターキャノン,タイダルインパクト,アンカーフォール,船長の誇り,アサルトフィールドⅣ,攻援の戦技Ⅶ＆練気Ⅶ・Ⅲ,2026/01/08
ガラハド,SS,大剣,これぞ聖騎士の務め,蒼氷剣（大剣技),アイスリベリオン,アイスソード・オクタ,聖戦士の本望,エレメントフィールド(斬・冷),大剣の極み・真Ⅶ＆練気Ⅶ・Ⅱ,2025/01/23
キャット,SS,体術,余分に回してあげる,円撃蹴,新春傘回し,キャッツメテオ,芸達者な泥棒猫,ヴァリアントフィールド,攻援の戦技Ⅵ＆練気Ⅱ・Ⅱ,2025/01/08
キャンディ,SS,体術,おなかいっぱいミキュ,チャームスポア,ぐるぐるサポート,フレンズコール,おなかパンパン,プロテクションフィールド,防援の戦技Ⅳ＆決意Ⅱ・Ⅲ,2025/03/13
ギュスターヴ,SS,大剣,自分の道は自分で創る,バーティカルプロテクト,鋼覇縦断,アイアンプランジ,俺の望む世界,エレメントボルテージ(斬・打),大剣の極み・真Ⅶ＆練気Ⅱ・Ⅰ,2024/11/28
ギュスターヴ,SS,大剣,これは宿命なのか,ツインクラッシュ,歴史を切り拓いた二人,スパイラルブレイク,アイアンパワー,鋼の剣術,大剣の極み・真Ⅶ＆練気Ⅶ・Ⅱ,2025/04/01
ギュスターヴ,SS,大剣,自分で鍛えるしかない,勇双剣,砕鉄斬(大剣技),アイアンフルチャージ,折れない剣と心,鋼の逸品,闘いの極み・真Ⅷ＆練気Ⅹ・Ⅲ,2025/09/17
ギュスターヴ,SS,大剣,ギンガー舞いだぞ,旋回乱撃,エスパーダキンセ,剛剣乱舞,ギンガー舞い,斬突激化Ⅵ(腕力・体力),闘いの天稟・真Ⅶ＆練気Ⅹ・Ⅳ,2025/12/31
グウェイン,SS,体術,仮初めの盟約だ,二爪撃,流星蹴り,ツインスパイク,竜と人との盟約,ヴァリアントフィールド,攻援の戦技Ⅵ＆練気Ⅳ・Ⅲ,2025/10/31
クーン,SS,体術,新しい世界なんだね,四光回転脚,陽光連蹴,緑光連破,世界を想う魔物,打陽激化Ⅵ(腕力・素早さ),体術の極み・真Ⅶ＆練気Ⅶ・Ⅳ,2025/07/11
グスタフ,SS,大剣,デーヴィドの為に,炎鋼裂剣,炎剣四閃,回転炎斬り,デーヴィドの為に,エレメントボルテージ(斬・熱),大剣の極み・真Ⅶ＆練気Ⅱ・Ⅱ,2025/04/10
クリームヒルト,SS,槍,最も親しい人でさえ,チェインライトニング＋,雷霆墜撃,雷閃乱捌撃,本当の信頼,天賦の妙技,闘いの天稟・真Ⅶ＆決意Ⅹ・Ⅷ,2025/09/17
グレイ,SS,大剣,伝説の魔獣を探して,一剣団結,鬼神連斬,銀狼の太刀,伝説を探して,ブレイドフィールド,大剣の極み・真Ⅶ＆決意Ⅶ・Ⅲ,2025/01/23
グレイ,SS,大剣,油断はしていない！,勇双剣,銀狼一閃,夜叉瞬尽,計略の銀狼,斬打激化Ⅵ(腕力・素早さ),闘いの極み・真Ⅷ＆決意Ⅴ・Ⅷ,2025/12/11
クローディア,SS,弓,皇宮を離れて,斬裂の矢,氷傷の矢,雷鳴の矢,別世界に呼ばれし皇女,迷いの森の狩人,弓の天稟・真Ⅵ＆練気Ⅴ・Ⅲ,2025/02/07
クローディア,SS,弓,生まれは変えられない,轟雷千矢,さみだれ炎弓,深緑千弓,変わることのない運命,突熱雷激化Ⅵ(器用さ),闘いの天稟・真Ⅶ＆練気Ⅹ・Ⅴ,2025/10/09
ゲオルグ,SS,剣,今こそ力を合わせる時,聖光刃,白光六閃,オクトイグニス,聖騎士としての矜持,専守防衛,鉄壁の戦技Ⅶ＆練気Ⅴ・Ⅳ,2025/11/21
ゲラ＝ハ,SS,槍,キャプテン、宝石です,ウォーターブレイク,ゲッコスパイク,レイディラックの絆,ゲッコ族の戦士,頼れる船員,攻援の戦技Ⅵ＆決意Ⅰ,2025/01/23
ケルヴィン,SS,槍,世話の焼ける奴め,ヘヴィパイク＋,アクアヒール,白銀貫破,一蓮托生の運命,ウェポンフィールドⅥ(槍),攻援の戦技Ⅵ＆決意Ⅲ,2025/04/01
ゲン,SS,棍棒,いよいよ俺の季節だ,鉄管三撃,鉄管技・花霞,桜花宴舞,花は桜木,エレメントフィールド(斬・打),棍棒の極み・真Ⅶ＆練気Ⅴ・Ⅱ,2025/03/07
コーデリア,SS,槍,私も成長してるのよ,ウォーターブレイク,クリスタルクラッシュ,氷刃降閃,成長するアニマ,アサルトフィールドⅢ,槍の天稟・真Ⅵ＆練気Ⅳ・Ⅲ,2025/04/01
コーデリア,SS,槍,揺ら揺ら揺れる心,クリスタルクラッシュ,水槍二連,サマーオーシャンダイヴ,常夏のヴィジランツ,エレメントフィールド(突・冷),槍の極み・真Ⅶ＆練気Ⅴ・Ⅲ,2025/07/01
ゴールデンバウム,SS,体術,ゴールデンパンプキン,ブラックパール,かぼちゃアクセル,ユニオンスライムシュート,おかしなカボチャバウム,もっちもちボディ,攻援の戦技Ⅶ＆練気Ⅵ・Ⅳ,2025/10/01
コッペパン,SS,体術,崇高なる者(自称),サーベントバイト,ボディダンク＋,瞬裂撃,世を統べるべきだった存在,プロテクションフィールド,体術の極み・真Ⅵ＆決意Ⅲ,2025/03/26
コッペパン,SS,体術,後陣の守護竜(自称),ガムシャラ突進,本気の一撃,コッペパンエール,お留守番する破壊竜,打突激化Ⅵ(腕力・素早さ),攻援の戦技Ⅵ＆練気Ⅰ,2025/06/26
コッペリア,SS,体術,全部カミナリが悪い,空中人形撃,練輝弾,レッドゾーンギア,再起動した元皇帝,アサルトフィールドⅢ,体術の極み・真Ⅶ＆練気Ⅴ・Ⅱ,2025/03/26
サーシャ,SS,杖,ツチノコは土の精霊？,四氷落命,死毒領域,バタフライエンチャント,精霊ツチノコ？,ダンスオブポイズン,攻援の戦技Ⅵ＆決意Ⅵ・Ⅰ,2025/07/24
サファイア(US),SS,杖,雲の向こうに視える物,アクアボンバー,蒼水の波動,ターコイズスプラッシュ,占いが見せるもの,パワーエンチャント(冷),攻援の戦技Ⅵ＆練気Ⅶ・Ⅳ,2025/08/15
サラ,SS,弓,悪意が立ち込める迷宮,リリィアロー,フラワーダンスアロー,リンクアローコンボ,弓者の誓い,ウェポンフィールドⅥ(弓),攻援の戦技Ⅵ＆練気Ⅹ・Ⅱ,2025/06/11
サラ,SS,弓,私の成長を見せるわ,疾風二弓,ブルームアローシャワー,コンバージフラワーアロー,目醒めの弓士,フォートレスフィールド,攻援の戦技Ⅶ＆練気Ⅶ・Ⅴ,2025/10/31
サルーイン,SS,大剣,雲上こそ我が世界,魔の風＋,サルーンラッシュ,昇華の邪陽,夢見た世界,ダークネスフィールド,ダークネスフィールド,2024/12/31
サルーイン,SS,大剣,漆黒の魂を響かせよ,シェイドカット,ノワールカッター,サルーインステージ,激情の鼓動,斬陰激化Ⅵ(腕力・知力),闘いの天稟・真Ⅶ＆決意Ⅹ・Ⅷ,2025/09/01
サンダー,SS,体術,アニキー！,放電＋,雷鳴十字衝,サンダーヒートスマッシュ,バトルピッチアップ,弱点強襲Ⅵ,弱点の戦技Ⅶ,2025/01/20
シィレイ,SS,弓,塔に挑む者たちの詩,ブレイクアロー,煌詩花伝,玲瓏なる虹霓,語り継ぐ音色,アサルトフィールド,闘援の戦技Ⅴ・Ⅰ＆練気Ⅹ・Ⅰ,2024/12/06
シィレイ,SS,弓,花の下にて春死なむ,虹詩桜伝,雅楽連音,烈光十箭,見事な生き様,エレメントフィールド(突・陽),弓の極み・真Ⅶ＆練気Ⅶ・Ⅱ,2025/03/07
シィレイ,SS,弓,思いは調べに乗せて,三光弓,琴詩花伝,雅楽撃音,真心の琵琶,オーバーステータスフィールド,闘援の戦技Ⅴ・Ⅰ＆決意Ⅳ・Ⅳ,2025/05/29
シィレイ,SS,弓,我が歌が響き渡る時,陽光矢,紫光花伝,さみだれ飛光弓,動き始めた物語,ヴァリアントフィールド,攻援の戦技Ⅵ＆決意Ⅰ・Ⅲ,2025/06/06
シィレイ,SS,弓,私の詩は忘れるなよ！,練気光弓,幻詩花伝,流星三連弓,絶唱を奏でる詩人,フォートレスフィールド,闘援の戦技Ⅴ・Ⅰ＆練気Ⅴ・Ⅲ,2025/11/14
シウグナス,SS,剣,春と共に闇も目覚めよ,レッドハービンガー,陸紫刃,エオストレアブソーブ,目覚めの季節,エレメントボルテージ(斬・陰),剣の極み・真Ⅶ＆奪命Ⅰ,2025/04/17
シウグナス,SS,剣,微睡の終わる時,冥血剣,漆黒吸命剣,業魔の導き,闇の王の審美眼,闇の王の戦技,闘いの極み・真Ⅷ＆奪命Ⅰ,2025/11/21
シェラハ,SS,体術,ゴミ箱か、それとも,ブラックシャワー,ボルテックススフィア,漆黒の帷,黒き魔力,ヴァリアントフィールド,攻援の戦技Ⅵ＆決意Ⅰ・Ⅲ,2025/02/07
シェリル,SS,体術,雲上の夢の国,シェイドソウル,テトライスキオス,アーテルプレシオン,人の手で成すべきこと,クリアフィールド,鉄壁の戦技Ⅶ＆練気Ⅱ・Ⅱ,2025/07/18
ジニー,SS,棍棒,春の目覚めの卵,ロックフォール,シューティングストーン,エッグハント,割ってみてのお楽しみ,エレメントボルテージ(打・突),棍棒の極み・真Ⅶ＆練気Ⅲ・Ⅱ,2025/04/17
ジニー,SS,棍棒,海のアニマ気持ちいい,召厳＋,ピースシールド,ビーチダンプリング,水中のアニマを感じて,エレメントフィールド(打・突),攻援の戦技Ⅵ＆決意Ⅲ・Ⅴ,2025/08/01
ジニー,SS,棍棒,アニマに乗せて叩く！,ピュライ・ペトラ＋,フルパワースマッシュ,ビッグバンスマッシュ,アニマに想いを,打突激化Ⅵ(腕力・知力),闘いの極み・真Ⅷ＆練気Ⅶ・Ⅱ,2025/12/11
シフ,SS,斧,強くなりたいよね,凍土砕破,バルハルスマッシュ,氷刃覚醒斬,思いを貫く強さ,エレメントフィールド(斬・冷),斧の極み・真Ⅶ＆練気Ⅷ・Ⅲ,2025/05/23
シムメシュ,SS,杖,絶やさぬ炎,レンジフレイム,獄炎柱嵐,ケージオブインフェルノ,後世に繋げる炎,ヒーリングエリア,攻援の戦技Ⅶ＆練気Ⅴ・Ⅲ,2025/12/17
シムメシュ,SS,杖,焔獅帝妃,インフェルノフレア,レーヴェストライク,獅子豪炎弾,審判を下す焔,ファトゥムフィールドⅤ(熱・冷・雷),四元の戦技Ⅶ＆練気Ⅴ・Ⅴ,2025/12/17
シャール,SS,槍,ここはあの場所なのか,三焔散らし,シルバーブレイズスタッド,ブレイズタワー,銀の手に導かれし槍者,アサルトフィールドⅢ,攻援の戦技Ⅵ＆練気Ⅶ・Ⅲ,2025/05/09
シャールカーン,SS,剣,蜃気楼のようだ,輝剣＋,一剣団結,砂塵双撃,楽園の代償,ブレイクボルテージⅣ(斬),闘いの極み・真Ⅷ＆練気Ⅲ・Ⅲ,2026/01/20
ジャミル,SS,小剣,少しは頭を使えよ,トリニティラッシュ,瞬迅乱撃,スティールラッシュ,盗賊の流儀,ジャミングフィールド,攻援の戦技Ⅵ＆練気Ⅶ・Ⅲ,2025/04/24
シャムマベル,SS,弓,幻輪奏姫,氷晶二弓,氷奏,雹獄,禁忌の楽章,ファトゥムフィールドⅤ(斬・打・突),四元の戦技Ⅶ＆練気Ⅴ・Ⅳ,2025/12/17
シャムマベル,SS,弓,父の笛,スプラッシュアロー＋,氷傷の矢,終ノ奏・冥氷,笛の音をもとめて,アサルトフィールドⅢ,闘いの天稟・真Ⅶ＆練気Ⅴ・Ⅴ,2025/12/17
ジュエルビースト,SS,体術,伝説の魔獣(想像図),ボディダンク＋,タングタックル,ジュエルブレス,伝説の魔獣,魔獣の輝き,体術の極み・真Ⅶ＆決意Ⅹ・Ⅴ,2025/01/23
ジュエルビースト,SS,体術,起こしたのは誰？,ガムシャラ突進,ジュエルタックル,ルナティズム,眠れる宝石獣,打の奔流Ⅵ,闘いの極み・真Ⅷ＆練気Ⅶ・Ⅲ,2026/01/08
ジュディ,SS,杖,トリート押し売りよ,陰朱弾,カボチャのいたずら,ジャックフレイム,いたずら魔女っ子,エレメントフィールド(熱・陰),闘いの天稟・真Ⅶ＆練気Ⅴ・Ⅳ,2025/10/01
ジョー,SS,杖,あたしが道を拓くよ,スプラッシュフレイム,ブリザードフォース,イラプションアヴァランチ,先陣の意気込み,エレメントフィールド(熱・冷),杖の極み・真Ⅶ＆決意Ⅰ・Ⅲ,2024/12/06
ジョー,SS,杖,こんな世界があるんだ,サクラマジック,エンバーフロスト,ヒートグレイシャー,夢のような世界,ヴァリアントフィールド,攻援の戦杖Ⅵ＆練気Ⅱ・Ⅱ,2025/03/07
ジョー,SS,杖,逆境を力に変える魂,アイスブレイズ,フレイムフォース,メルトクラッシュ,逆境の魂,ヒーリングフィールド,杖の極み・真Ⅶ＆練気Ⅱ・Ⅱ,2025/05/29
ジョー,SS,杖,切り札じゃないの？,アクアブレイズ,エキュームフィアマ,炎水共鳴,隠されし切り札,熱冷を操る術師,熱冷覚醒Ⅱ＆練気Ⅳ・Ⅲ,2025/06/26
ジョー,SS,杖,あたしの未来を描く時,ペンタフレイム,ペンタフロスト,インフェルノトリック,パフォーマンスタイム,熱冷激化Ⅵ(知力・精神),闘いの極み・真Ⅷ＆決意Ⅹ・Ⅷ,2025/12/06
シリウス,SS,剣,皇子である前に兄だ,光護剣,皇刃三剣,サンライトクロス,闇を照らす光,エレメントフィールド(斬・陽),エレメントフィールド(斬・陽),2025/03/26
シリュー,SS,棍棒,水って不思議だよね,レッドインパクト,ラピッドスウィング,シューティングストライク,ドキドキする景色,エレメントボルテージ(打・突),棍棒の天稟・真Ⅵ＆練気Ⅳ・Ⅲ,2025/05/01
シルバー,SS,大剣,砂漠の財宝を狙うぜ！,雷斬,スピニングサンダー,青天の霹靂,砂漠の海賊,エレメントボルテージ(斬・雷),大剣の極み・真Ⅶ＆練気Ⅶ・Ⅱ,2025/01/30
シルバー,SS,大剣,何で見張りなんだよ,サンダースラッシュ,雷鳴六剛斬,氷雪六剛斬,街を見張る海賊,オーバーヴァリアントフィールド,大剣の極み・真Ⅶ＆練気Ⅴ・Ⅴ,2025/08/15
シルマール,SS,体術,アニマの導きのままに,アニマの教え,師の導き,先生の特別授業,世界を取り巻くアニマ,アサルトフィールドⅢ,攻援の戦杖Ⅵ＆決意Ⅱ・Ⅴ,2025/04/10
スービエ,SS,槍,覚悟を決めろ,ウォーターブレイク,オーシャンランス,海蒼流星,覚悟の一歩,熱気反骨,鉄壁の戦技Ⅶ＆練気Ⅳ・Ⅱ,2025/08/15
スミレ,SS,剣,面白くなってきたね,桜花縮地連剣,忍法クナイ撃,必殺忍法桜狩り,色恋沙汰はたまらない,エレメントフィールド(斬・突),剣の極み・真Ⅶ＆練気Ⅶ・Ⅱ,2025/05/29
スミレ,SS,剣,忍法過剰装飾焼菓子！,桜花六剛斬,忍法桜花分身剣,必殺忍法・猪娘麗刀,標的不明のチョコレート,天元の一撃Ⅵ,闘いの極み・真Ⅷ＆練気Ⅶ・Ⅱ,2026/02/10
ゼラチナスマスター,SS,体術,ゼラチン気質なんだ,ブラックパール,ゼラチナアクセル,ユニオンスライムヴェノム,どろどろゼラチナロール,ゼラチナボディ,妨害の戦技Ⅴ＆決意Ⅵ・Ⅱ,2026/01/08
セルマ,SS,小剣,楽しんじゃいましょう,くるくる三撃,ブルースラッシュ,新年羽根突き撃,真剣勝負,エレメントフィールド(突・冷),小剣の極み・真Ⅶ＆決意Ⅴ・Ⅲ,2024/12/31
セルマ,SS,小剣,姫のままでいられれば,ツンドラリッパー,雪舞五閃,蒼花の光,戻らないあの頃,突冷激化Ⅵ(器用さ・素早さ),攻援の戦技Ⅶ＆練気Ⅵ・Ⅳ,2025/10/09
セルマ,SS,小剣,チョコキャノンだよ,氷雪刻＋,ランページウェイヴ＋,ヘヴィハートアンカー,スイーツパイレーツ,アセンションアタックⅥ(突・冷),攻援の戦技Ⅶ＆練気Ⅹ・Ⅱ,2026/02/10
せんせい,SS,体術,私も一緒に行こう,三点撃,トリプルティーチ,せんせいスペシャル,みちびくもの,せんせいのちから,攻援の戦技Ⅵ＆練気Ⅳ・Ⅱ,2024/12/17
ソティ,SS,杖,ドキドキおみくじ開封,ミッドナイトスラッシュ,トライテネーブル,ダークネスプラム,晴れ着の皇女,ヴァリアントフィールド,杖の極み・真Ⅶ＆練気Ⅷ・Ⅱ,2025/01/08
ソティ,SS,杖,闇に包まれて,ナイトメアスフィア,ノワールカッター,デスサイズスピン,光を活かす闇,エレメントフィールド(斬・陰),超援の戦技Ⅵ＆決意Ⅴ・Ⅲ,2025/03/26
ソティ,SS,杖,スイカ以外でお願い,スラッシュダーク,ダークネスサイズ,ダークネススイカブレイク,常夏の皇女,アサルトフィールドⅢ,攻援の戦技Ⅵ＆練気Ⅱ・Ⅲ,2025/07/01
ソティ,SS,杖,ライダーズハイ,ノワールカッター,プレゼントダイヴ,スーパープレゼントダイヴ,聖夜の大爆走,連続闇魔術,闘いの天稟・真Ⅶ＆練気Ⅴ・Ⅳ,2025/12/24
ソフィア,SS,棍棒,心を強く持って,ホーリーサンダー,聖雷三連球,光芒の聖雷球,世界と人々を守る聖騎士,エレメントフィールド(雷・陽),攻援の戦技Ⅵ＆練気Ⅲ,2025/08/22
ダーク,SS,小剣,頭上から迫る者,ブラッディスパイク＋,アサシンズスティング,血染連刃,小剣技の真髄Ⅶ,オフェンスフィールド,攻防の戦技Ⅵ,2025/05/29
ダーハオ,SS,杖,精一杯抗って,瞬雷,ライトニングホライゾン,星読みの共鳴,星読みの抗い,エレメントフィールド(斬・雷),攻援の戦技Ⅵ＆練気Ⅶ・Ⅱ,2025/02/21
ターミン,SS,斧,幸せプレゼントまみれ,ターミンタイフーン,デコレーションツリー,トライアクス,ワクワクの飾り付け,ヴァリアントフィールド,攻援の戦技Ⅵ＆練気Ⅴ・Ⅱ,2024/12/24
ターミン,SS,斧,閃き少女,気合い斬り,ブンブンダブル,ターミンロール,姉妹への憧れ,エレメントフィールド(斬・打),斧の極み・真Ⅶ＆練気Ⅶ・Ⅲ,2025/03/26
ターミン,SS,斧,繭姫,ローリングスター,ブンブンインパクト,星天廻印斧,眠れる少女,ターミンパシュート,共鳴覚醒Ⅰ(全)＆決意Ⅶ・ⅩⅩ,2025/06/26
ダイナマイト,SS,体術,引っ掛け式ラリアット,ラッシュパンチ＋,ラッシュキック＋,ダイナマイトラリアット,ダイナマイトマッチ,格闘家の矜持,闘いの極み・真Ⅷ＆練気Ⅶ・Ⅱ,2026/01/29
タイム,SS,銃,ボクの目に狂いはない,ジャンクパワー,助太刀タコおじさん,鉱石の力,見極める目,ヴァリアントフィールド,銃の極み・真Ⅶ＆決意Ⅵ・Ⅱ,2025/03/19
タチアナ,SS,棍棒,迷子じゃないわよ,光癒撃,ぐるぐるきらきら,きらきらハンマープレス,雲の上の放浪娘,ジャミングフィールド,妨害の戦技Ⅴ＆決意Ⅰ・Ⅲ,2025/01/30
タチアナ,SS,棍棒,この手を放さないでね,ぽこぽこハンマー,ヘヴィラッシュ,大回転フルスイング＋,もっとピコッとおかわり,ディフェンスフィールド,棍棒の天稟Ⅵ,2025/05/29
タチアナ,SS,棍棒,おっきいクマちゃん！,削岩散らし,ライジングハンマー,クマちゃんコンビネーション,理想のクマちゃん,オーバーチャージ,攻援の戦技Ⅶ＆練気Ⅶ・Ⅲ,2025/11/07
タリア,SS,杖,ここにも歪が,トリアグラキエス,氷晶六落,アイスパピヨン,短気なツチノコ釣り,フォートレスフィールド,攻援の戦技Ⅵ＆練気Ⅳ・Ⅲ,2025/07/24
ダリアス,SS,斧,完全オフモード,スラッシュダーク,シャドウスピン,シャドウストーム,元リーダーの休暇,エレメントボルテージ(斬・陰),斧の極み・真Ⅶ＆練気Ⅶ・Ⅲ,2025/08/01
チュウタツ,SS,杖,こちらが本体ですか,炎の壁,クリムゾンブレイズ,イラプションメテオ,鉄壁の軍師,熱陽激化Ⅵ(知力・精神),攻援の戦技Ⅵ＆練気Ⅹ・Ⅱ,2025/06/26
ディアナ(RS1/MS),SS,小剣,焦りは禁物です,ルミナスウェーブ,ホーリータックル,レイディアントピアス,弱さを受け入れる覚悟,アサルトフィールドⅢ,小剣の天稟・真Ⅵ＆練気Ⅲ・Ⅲ,2025/05/23
ディアナ(RS1/MS),SS,小剣,弟を探しています,グレートクロス,光芒貫閃,ユニヴェールエクラ,高潔なる剣技,ヴァリアントエリア,小剣の天稟・真Ⅵ＆練気Ⅲ・Ⅲ,2025/08/29
ディープワン,SS,杖,補習の時間よ,トリアグラキエス,バイオレットテンタクルス,ポイズナスバブル,深淵からの奪還者,モンスターリンク,闘援の戦技Ⅴ・Ⅰ＆練気Ⅶ・Ⅲ,2026/01/08
ディオール,SS,大剣,未来のリーダー,廻転斬,召竜剣＋,竜破乱舞,ダームを守る戦士,攻防の極意Ⅱ,鉄壁の戦技Ⅶ＆練気Ⅱ,2025/07/20
ティベリウス,SS,棍棒,神王を待て！,パワーヒール,太陽風＋,流星轟翔撃＋,神王を待つ者,ディフェンスフィールド,攻断の守護Ⅴ(体力・精神),2025/01/20
テオドール,SS,大剣,騎士道は精神に宿る,強撃＋,クェイサースラッシュ,ナイトランブル,己の騎士道,騎士の精神,闘援の戦技Ⅴ・Ⅰ＆練気Ⅱ・Ⅲ,2025/09/17
デス,SS,杖,冥府が存在しない世界,デスカット,ダークネスカッター,冥府の断罪,死の神,デスチェイン,杖の極み・真Ⅶ＆練気Ⅱ・Ⅰ,2024/12/11
デス,SS,杖,し・んねんを祝え,必盛の理,ヴォイドバースト,来光暗月,はじまりの時,闇の領域,攻援の戦技Ⅶ＆練気Ⅲ・Ⅲ,2025/12/31
デスマシーン,SS,銃,クールだな,チャージモード,キルモード,フルバースト,無慈悲なる兵器,打熱激化Ⅵ(体力・器用さ),闘いの極み・真Ⅷ＆決意Ⅴ・Ⅱ,2026/01/08
デューン,SS,剣,何の肉でも美味ければ,ブレイブジャッジメント,タキオンザッパー,ステルスロッサプライ,最高に美味い肉,おかわり剣,攻援の戦技Ⅵ＆決意Ⅶ・Ⅲ,2025/05/01
トゥ・クアイ,SS,剣,我は久遠の力を欲する,ライトクロス,双繊月,月光閃,永遠を望む者,ウェポンフィールドⅥ(剣),闘いの極み・真Ⅷ＆練気Ⅳ・Ⅳ,2025/11/21
トーマ,SS,弓,トリート、あげるよ,ブレイクアロー,飛燕聖天弓,カーニバルバラージ,気分は狼,今度は私の番！,防援の戦技Ⅳ＆練気Ⅳ・Ⅲ,2025/10/01
トーマス,SS,槍,迷子はどこにいる？,パラダイムクエイク,グランドソーン,地華流槍,バトルストラテジー,エンチャントストラテジー,槍の極み・真Ⅶ＆決意Ⅰ・Ⅱ,2025/05/09
トーマス,SS,槍,これは竜騎士の技？,召巌＋,剛土二破,グラビティフォール,憧憬の槍術,術攻激化Ⅲ,攻援の戦技Ⅶ＆練気Ⅹ・Ⅱ,2025/10/31
ドロレス,SS,斧,ご主人様へ愛を込めて,ドレインアクス,ダークネススマッシュ,特製デスメイドケーキ,変わらぬ愛,ヴァリアントフィールド,攻援の戦技Ⅵ＆決意Ⅲ,2025/02/14
ドロレス,SS,斧,ゴシックな浜辺,堅斧,活殺斧砕撃＋,デスメイドサービス,ご主人様との浜辺,アサルトフィールドⅢ,闘援の戦技Ⅴ・Ⅰ＆練気Ⅱ・Ⅱ,2025/08/01
ナイトハルト,SS,槍,異世界を巡るのも一興,ブラックスティング,暁光一閃,サエテトイ・カヤキス,黒馬に跨って,暁の馬術,闘いの極み・真Ⅷ＆練気Ⅶ・Ⅱ,2025/12/31
ナルセス,SS,弓,いびつなアニマだな,ロックドロップ,頂門一針,シーネフォ・ペトラ,ヴィジランツの術士,フォーカスフィールド,攻援の戦技Ⅵ＆練気Ⅱ,2025/01/30
ニーナ,SS,棍棒,早く帰って来ないかな,フローラルアタック,満開・くるくる三打,光明来訪,一途な想い,増幅戦技Ⅵ,闘援の戦技Ⅴ・Ⅰ＆決意Ⅴ・Ⅲ,2025/10/31
にんげんおとこ,SS,剣,何度でも登ってやる！,にかいぎり,ガンアンドソード,エピックアドベンチャー,登り続ける者,エレメントボルテージ(斬・打),剣の極み・真Ⅶ＆練気Ⅶ・Ⅱ,2024/12/11
にんげんおとこ,SS,銃,次は何を探すんだっけ,五月雨斬裂弾,五連ガトリングカッター,ココナッツメテオ,気ままな冒険者,コンバットガンアクション,銃の天稟・真Ⅵ＆練気Ⅶ・Ⅲ,2025/05/01
にんげんおとこ,SS,銃,何とかなるさ,バラージバレット＋,砕鉄斬(銃技),アルティメットアドベンチャー,考えるより走る,斬打激化Ⅵ(器用さ・精神),闘いの極み・真Ⅷ＆練気Ⅶ・Ⅱ,2026/01/22
にんげんおんな,SS,体術,冒険は塔に限るわ！,エナジーネイル,獣爪裂撃,無尽爪撃,塔最高！,ヴァリアントフィールド,攻援の戦技Ⅵ＆決意Ⅳ・Ⅲ,2024/12/11
にんげんおんな,SS,体術,ずっと留まっていたい,サマースタッド,ラッシュキック＋,ランタン踵落とし,冒険者の休息,エレメントフィールド(打・突),攻援の戦技Ⅵ＆練気Ⅳ・Ⅱ,2025/05/01
にんげんおんな,SS,体術,鉄の爪で乱入だ！,三連爪殺法＋,獄門爪殺法＋,バウンススリッパー,ヒロインの前口上,速攻殺法,闘いの極み・真Ⅷ＆練気Ⅴ・Ⅱ,2026/02/01
ヌヴィエム,SS,小剣,オート侯家の血の誇り,明眸皓牙,ブラーニードル＋,アサルトクラッカー,伝統の価値,フォートレスフィールド,闘援の戦技Ⅴ・Ⅰ＆練気Ⅰ・Ⅱ,2025/11/29
ノエル,SS,大剣,殺らせていただきます,攻勢始動,覇道暗黒斬,バーニングインパクト,七英雄の剣技,七英雄の体技,闘いの天稟・真Ⅶ＆練気Ⅴ・Ⅱ,2025/10/24
ノーア,SS,体術,浪刃覇翁,電光雷破,迅雷蹴,天地墜雷衝,覇道を征く拳,間接抗心,四元の戦技Ⅶ＆練気Ⅶ・Ⅱ,2025/12/17
ノーア,SS,体術,老人,二雷蹴,雷鳴十字衝,獄威滅殺掌,喪失と憧憬,打雷活性Ⅲ(腕力・素早さ),闘いの極み・真Ⅷ＆決意Ⅱ・Ⅴ,2025/12/17
ノース,SS,杖,これも修行の一つです,アクアバルーン＋,アクアヒール,オーシャンヴェール,ユン老師の教え,革命の一撃Ⅰ,杖の天稟Ⅵ,2025/01/20
ノーラ,SS,斧,これが素材なのかい？,破縦壊斧,破横壊斧,天破連壊斧,素材を求めて,エレメントボルテージ(斬・打),斧の極み・真Ⅶ＆練気Ⅹ・Ⅱ,2025/03/19
ハーディ,SS,斧,甘味は旨味なり,剛斧二連,豪傑二断,スイカタワーダイナミック,最高の甘さ,フォーカスボルテージ,斧の天稟・真Ⅵ＆練気Ⅹ・Ⅱ,2025/07/01
ハーディ,SS,斧,良く食す者は幸いだ！,粉撃＋,プレゼント連打,旨味ブースト,食い尽くす幸せ,斬打激化Ⅵ(腕力・体力),闘援の戦技Ⅴ・Ⅰ＆練気Ⅲ・Ⅲ,2025/12/24
バートランド,SS,剣,この身を捧げてでも,氷炎絶響,メルトクラッシュ,氷礫炎爆,宿命の子の選択,絶好の機会,剣の天稟・真Ⅵ＆決意Ⅲ・Ⅲ,2025/02/21
バートランド,SS,剣,謎の鍵を見つけ出す,ダークネスフィフス,爆氷四撃,エクストラエレメンタル,手掛かりを探して,アーツ＆マジック,剣の極み・真Ⅶ＆練気Ⅶ・Ⅲ,2025/06/11
バートランド,SS,剣,イカヅチの謎を知る時,火柱氷葬,アイスドインフェルノ,マギア・コントラリア,唯一の望み,熱冷激化Ⅵ(腕力・知力),闘いの極み・真Ⅷ＆練気Ⅶ・Ⅱ,2025/12/06
バーニィ,SS,銃,これが本当のボクだよ,バレットショット,四連曲射,エッグキャノン,夢の春の始まり,オーバーヴァリアントフィールド,超充の戦技Ⅶ＆練気Ⅳ・Ⅲ,2025/04/17
バーバラ,SS,槍,死後の世界なの？,影貫き,闇夜の舞,ダークスポットライト,思いっきり盛り上げて,派手なステップ,槍の極み・真Ⅶ＆練気Ⅱ・Ⅲ,2025/02/07
バーバラ,SS,槍,盛り上がりましょう,フルーフ,オイタナジー＋,勇気のエール,オイタナジーダンス,ディフェンスフィールド,攻防の戦技Ⅵ,2025/05/29
ハムバ,SS,弓,獲物を追って,深翠超弓,イツナ＋,烈風纏矢,弓技の真髄Ⅶ,弱点の戦技Ⅵ,攻防の戦技Ⅵ,2025/02/01
パメラ,SS,弓,渡せないチョコレート,グルームアロー,スウィートハートショット,ダークネスアロー,届かぬ想い,革命の一撃Ⅲ,弓の極み・真Ⅶ＆練気Ⅱ・Ⅱ,2025/02/14
パメラ,SS,弓,滅びの時が、訪れる,ブラックアロー,フェリシティアロー＋,飛燕天崩れ,再生を望む少女,飛燕チェイン,闘いの極み・真Ⅷ＆練気Ⅱ,2025/12/11
ハリード,SS,剣,俺は旋風だ！,雷刃＋,電閃輪転,ゼクスライトニング,蘇る闘志,雷鳴の剣技,剣の極み・真Ⅶ＆練気Ⅹ・Ⅲ,2025/05/09
ハリード,SS,剣,思いを抱け,嵐刃雷閃剣,迅雷つむじ駒,万雷廻天,宿命を乗り越える思い,エレメントボルテージ(斬・雷),闘いの極み・真Ⅷ＆練気Ⅹ・Ⅱ,2026/01/15
バルテルミー,SS,小剣,約束を果たす時だ,影炎のステップ,ダンス・オブ・エンハンス,蒼炎の咎手,メリッサとの約束,ヴァリアントフィールド,防援の戦技Ⅳ＆決意Ⅲ・Ⅲ,2025/02/21
バルテルミー,SS,小剣,忘れられない記憶,ファントムラッシュ,煉黒球,ダークネスフォース,家族の記憶,フォートレスフィールド,攻援の戦技Ⅵ＆練気Ⅶ・Ⅳ,2025/08/22
バルテルミー,SS,小剣,真実の姿を暴く時,デスフレイム,ダークフレイムラッシュ,シンクロトリック,偽物たちの宴,アサルトフィールドⅢ,闘いの極み・真Ⅷ＆練気Ⅲ・Ⅱ,2025/12/06
バルマンテ,SS,斧,アーサーはどこだ！,粉撃＋,フルパワーブレイク,エクスキューショナーインパクト,ツチノコより大事なこと,ウェポンフィールドⅥ(斧),斧の極み・真Ⅶ＆練気Ⅱ・Ⅲ,2025/07/24
ハンニバル,SS,槍,選ばれし者の務め,猛炎衝＋,サンフレアスティング,天龍爆炎翔,輝き続ける名誉,突熱活性Ⅲ(体力・精神),鉄壁の戦技Ⅶ＆練気Ⅱ・Ⅲ,2025/09/25
ビーナス,SS,杖,扇がせてやる近う寄れ,ほのおのれんじん,フラマバーティカル,灼熱のビーチサイド,夏の美神,美神の連鎖,杖の極み・真Ⅶ＆練気Ⅶ・Ⅲ,2025/08/01
ビーバー,SS,体術,海でも大丈夫よ,炎舞短勁＋,フレイムスタンプ,サルタントダルマーレ,浜辺の盗賊,エレメントライジング(打・熱),闘援の戦技Ⅴ・Ⅰ＆練気Ⅳ・Ⅱ,2025/07/01
ヒューズ,SS,銃,喰らえ、正義の弾丸！,リフトショット,ガサ入れ,サンダーフォールマグナム,悪党は許さない,プロテクションフィールド,妨害の戦技Ⅴ＆練気Ⅷ・Ⅱ,2024/11/28
ヒューズ,SS,銃,サボってるんじゃない,スリルボルト,雷粒子マグナム,イカ焼きショット,買い食いも仕事のうち,ウェポンフィールドⅥ(銃),攻援の戦技Ⅵ＆練気Ⅵ・Ⅱ,2025/08/08
ビューネイ,SS,杖,話なら聞いてやる,縦旋風,ガストドロップ,スパイラプネウマ,言葉など無意味,エレメントフィールド(斬・陰),防援の戦技Ⅳ＆練気Ⅶ・Ⅳ,2025/08/15
ビューネイ,SS,杖,風を自在に操る地,ダークトルネード,黒魔旋風,ブラックゲイル,風に乗る,フォートレスフィールド,闘援の戦技Ⅴ・Ⅰ＆練気Ⅱ・Ⅲ,2025/11/28
ヒルダ,SS,小剣,この海が繋がる先は,烈光八重奏,真夏の閃光,ペルフォラシオンキンセ,波打ち際の女剣士,エレメントボルテージ(突・陽),小剣の極み・真Ⅶ＆練気Ⅹ・Ⅵ,2025/08/01
ピンクタイガー,SS,体術,ラクダは知らないけど,四光回転脚,ピンクタイガー式大乱闘,王者のスリープラトン,お仕置きマッチ,アーツフィールド,闘援の戦技Ⅴ・Ⅰ＆練気Ⅶ・Ⅲ,2026/01/29
ピンクパンチ,SS,体術,チョコっとライブだ！,飛旋脚,まじかる☆ライブダンス,ラブリー・コンビネーション,愛とチョコを振りまいて,レゾナンスフィールド(男性・不明),攻援の戦技Ⅵ＆決意Ⅵ・Ⅲ,2025/02/14
ファイアブリンガー,SS,大剣,人よ、試練に挑め,護炎剣,緋天昇刃,スカーレットテンペスト,異なるかみとの邂逅,慰めなど無用,攻援の戦技Ⅵ＆練気Ⅲ・Ⅱ,2024/12/11
ファイアブリンガー,SS,大剣,餅を割るのか？,緋炎弾,レーヴァテインスラッシュ,金雲炎槌,神と食すお正月,開闢の剣技,闘いの極み・真Ⅷ＆練気Ⅶ・Ⅱ,2025/12/31
ファティーマ,SS,小剣,姫にも務めがあります,プリックギフト＋,ミスティックステップ,ウグニヤヌール,ナジュ王国の姫君,ジャミングフィールド,妨害の戦技Ⅴ＆決意Ⅶ・Ⅴ,2025/10/16
ファラ,SS,体術,きっと来てくれる,寸勁,デュアルスライダー,解放の願い,囚われの少女,アサルトフィールドⅢ,体術の天稟・真Ⅵ＆練気Ⅲ・Ⅱ,2025/04/24
フェイオン,SS,体術,彼女の側にいなければ,連打脚,金剛神掌＋,爆裂轟撃,弁髪の熱血漢,攻防の戦技Ⅵ,体術の天稟Ⅵ,2025/02/01
フェルディナント,SS,剣,思いっきりやるぜ！,瞬光四刺,烈風光刃破,スターインパクト,ルール無用の剣技,エレメントボルテージ(斬・突),闘いの極み・真Ⅷ＆練気Ⅶ・Ⅲ,2025/11/21
フォルネウス,SS,槍,水を美しく輝かせる地,猛進雷撃,スパークスティング,迅雷槍雨,深海の戦士,エレメントボルテージ(突・雷),闘いの極み・真Ⅷ＆練気Ⅹ・Ⅵ,2025/11/28
フォルミナ,SS,銃,これがチームワークよ,スタンショック,ライトニングバースト,荷電コンビネーション,全力で応える,エレメントフィールド(打・雷),攻援の戦技Ⅵ＆練気Ⅲ・Ⅱ,2025/04/24
フォルミナ,SS,銃,大人げ無いけれど,スウィッチ,夏祭りショット,希望の銃声,おもちゃでも真剣,フォートレスフィールド,攻援の戦技Ⅵ＆練気Ⅲ・Ⅳ,2025/08/08
ブッチャー,SS,斧,黒の呪術師,デッドリースピン＋,デッドリースパイラル＋,ヘルズフォーク,ヒールの流儀,斬打虚弱Ⅵ(体力・精神),妨害の戦技Ⅴ＆練気Ⅶ・Ⅱ,2026/01/29
ブラック,SS,斧,氷は勝ち割るものさ,氷閃輪転,スローフロストアクス,霜突豪斧,氷原を進む海賊,大海賊の斧技,闘いの極み・真Ⅷ＆練気Ⅶ・Ⅱ,2025/11/07
フリン,SS,小剣,臆病とは違うんだよ,ソニックピアス,クロスシザーズ,ブルーシザーズ,真の強さを知るもの,密偵の技,攻援の戦技Ⅶ＆練気Ⅴ・Ⅳ,2025/09/17
ブルー,SS,杖,今回だけだぞ！,光朱弾,ルクスジャッジメント,宿命の共演・紅,紺碧の魔術師,光の支流,杖の極み・真Ⅶ＆練気Ⅳ・Ⅱ,2025/07/11
フルフル,SS,斧,熱を許さない,氷斬斧,フローズンサマー,アブソリュートゼロ＋,暑さには負けない,アサルトフィールドⅢ,攻援の戦技Ⅵ＆練気Ⅲ,2025/07/01
プルミエール,SS,斧,さあ冒険の始まりね,熱斧三撃,クワトロプロミネンス,火炎爆砕斧,冒険とお宝を求めて,強さを求めて,斧の極み・真Ⅶ＆練気Ⅴ・Ⅱ,2025/04/10
ブロック,SS,棍棒,今年ものびるぞー！,レッドインパクト,鍛冶師の本懐,エクストラ餅つき,杵にもち変えて,アサルトフィールドⅢ,攻援の戦技Ⅶ＆決意Ⅵ・Ⅳ,2026/01/01
ホーク(RS1/MS),SS,斧,ジュエルザクザクだ！,海賊水斧撃,ウォークライアクス,パイレーツコンボ,宝石獣を求めて,エレメントフィールド(斬・冷),斧の極み・真Ⅶ＆練気Ⅹ・Ⅱ,2025/01/23
ボーニー,SS,体術,戦う理由は簡単でいい,ファイアタックル,旋風昇炎脚,龍神烈火連撃,自分の感覚を信じて,打熱激化Ⅵ(腕力・素早さ),体術の極み・真Ⅶ＆練気Ⅶ・Ⅰ,2025/04/24
ボーニー,SS,体術,ぶち抜いちゃうよ,烈火蹴り,伏龍烈火拳,サマーラッシュコンボ,渚の警官,打熱激化Ⅵ(腕力・素早さ),体術の天稟・真Ⅵ＆練気Ⅹ・Ⅱ,2025/08/01
ボーニー,SS,体術,ホースシュースタンプ,炎舞短勁＋,空中連襲脚,ヘブンアンドヘル,不倒の蹴撃,仕込んだ蹄鉄,闘いの極み・真Ⅷ＆練気Ⅴ・Ⅲ,2026/01/29
ポール(RS3),SS,弓,付いて来んなよ！,パルクールアロー,シュトゥルムジーベン,プファイルエントロス,悩める青年,フォートレスフィールド,攻援の戦技Ⅶ＆練気Ⅹ・Ⅲ,2025/10/31
ボクオーン,SS,棍棒,ぱぺっとパペット,ダブルブロウ,マリオネットアブソーブ,無限連獄＋,パペットマスター,アサルトフィールドⅢ,攻援の戦技Ⅶ＆決意Ⅱ・Ⅵ,2025/11/29
ポルカ・リン・ウッド,SS,剣,塔士の実力を見ろ！,炎輝斬,ボルテージブレイズ,バーニングスフィア,灼熱の剣士,イグニッションチェイン,剣の極み・真Ⅶ＆練気Ⅱ,2024/12/06
ポルカ・リン・ウッド,SS,剣,皆の為にやるぜ！,フレイムソウルブレード,チェインブラスト,朱鳥旋風,チームのために,エレメントボルテージ(熱・陽),剣の極み・真Ⅶ＆練気Ⅹ・Ⅲ,2025/02/28
ポルカ・リン・ウッド,SS,剣,父と子と家族の絆,インバイトヒート,不屈の朱鳥,イグニッションドライヴ＋,受け継がれし朱鳥,家族を守る想い,鉄壁の戦技Ⅶ＆練気Ⅳ・Ⅱ,2025/05/29
ポルカ・リン・ウッド,SS,剣,背中を追うのもいい,炎剣四閃,バーニングスフィア,フェニックスエイト,父の背を追って,イグニッションアーツ,闘いの極み・真Ⅷ＆練気Ⅶ・Ⅳ,2025/09/25
ボルカノ,SS,杖,感謝など柄でもないが,レンジフレイム,ピュアローズフレイム,爆墜炎球,お返しは三倍で,烙印の裁き(熱),攻援の戦技Ⅵ＆練気Ⅲ・Ⅱ,2025/03/13
マイス,SS,銃,失われた真実を探して,レッグスナイプ,ハートシークショット,フェイタルスナイプ,真実を探して,ドライブチェイン,闘いの極み・真Ⅷ＆練気Ⅹ・Ⅱ,2026/01/15
マカ,SS,剣,目標百周,追突剣＋,夏祭り音頭剣,桜花吹雪,祭りの舞姫,ヴァリアントフィールド,剣の極み・真Ⅶ＆練気Ⅴ・Ⅴ,2025/08/08
マカ,SS,剣,蓮華の記憶,縮地剣(剣技),桜花縮地連剣,桜花六剛斬,最強の所以,無双の剣技,闘いの極み・真Ⅷ＆練気Ⅴ・Ⅱ,2026/01/22
マリー,SS,小剣,きっと幸せになれます,プリックギフト＋,スカーレットレイ,ダンシングフラワー,みんなの幸せを願って,ヒーリングフィールド,攻援の戦技Ⅵ＆決意Ⅶ・Ⅲ,2025/04/01
マリー,SS,小剣,たとえ政略の道具でも,ヒールファイア,花炎風壁,プロミネンスギフト,人としての矜持,炎の領域,攻援の戦技Ⅶ＆決意Ⅶ・Ⅴ,2025/10/09
マリガン神,SS,体術,何とか間に合ったな,戦神の覇気,神掌連撃,ラースオブかがみもち,最強の餅の神,戦神の武威,攻援の戦技Ⅵ＆練気Ⅲ・Ⅲ,2025/01/08
ミーティア,SS,斧,楽しんじゃいますよ,斬石波,フルパワーブレイク,昇撃破斬,ヴァンアーブルの教え,ヴァリアントフィールド,斧の天稟・真Ⅵ＆練気Ⅱ・Ⅲ,2025/04/10
ミカエル,SS,小剣,雷鳴の轟と共に,光刺突,烈光閃影,ロイヤルダイブ,雷鳴と使命,エレメントフィールド(突・陽),超援の戦技Ⅵ＆決意Ⅱ・Ⅲ,2024/12/11
ミカエル,SS,小剣,ここが異変の中心か？,ルミナスペルセ,トレスピアス,烈光八重奏,帰還への手がかり,輝く剣速,小剣の極み・真Ⅶ＆練気Ⅴ・Ⅱ,2025/03/26
ミスティ,SS,体術,卵の目覚めの春,スターシュート,メテオストリーム,フォーリングエッグ,私からのプレゼント,ヴァリアントフィールド,体術の極み・真Ⅶ＆練気Ⅳ・Ⅲ,2025/04/17
ミューズ,SS,杖,一度入ってみたかった,ライトニングバブル,ファウンテンオーラ,目覚めの祈り,令嬢の好奇心,アセンションフィールドⅥ(冷・雷),攻援の戦技Ⅵ＆決意Ⅱ・Ⅲ,2025/05/09
ミリアム,SS,杖,伝説…いい響き！,炎三襲,暴れフレイムボール,イラプションメテオ,ロマンを求めて,エレメントボルテージ(熱・陽),杖の極み・真Ⅶ＆練気Ⅵ・Ⅱ,2025/01/23
ミリアム,SS,杖,花火には負けないわ,灼光,橙炎輝,ファイアワークスソーサリー,花火には負けない,熱陽激化Ⅵ(知力・精神),杖の極み・真Ⅶ＆練気Ⅶ・Ⅳ,2025/08/08
ミリアム,SS,杖,飾り付けてあげる,ヒールファイア,ライジングボルケーノ,聖夜の灯火,キラキラと飾り立てて,ハイエレメントフィールド(熱・陽),闘援の戦技Ⅴ・Ⅰ＆練気Ⅶ・Ⅱ,2025/12/24
ミルザ,SS,剣,ただ心に従うのみ,輝光斬波,シルバークロスカット,ジャッジメントセイバー,英雄の在り方,ホーリーオーラ,闘いの極み・真Ⅷ＆練気Ⅲ・Ⅳ,2025/09/17
ミルフィー,SS,杖,買い物楽しんじゃおう,バブルサンダー,バイオレットペタル,プラズマレーザー(水術),楽しいことより正しいこと,領域激化Ⅵ(冷雷),攻援の戦技Ⅵ＆決意Ⅴ・Ⅲ,2025/05/01
ミルフィー,SS,杖,私は食べる側よ,ストームキネシス,六連雷撃泡＋,カカオハイボルテージ,シビれるバレンタイン,冷雷激化Ⅵ(知力・精神),攻援の戦技Ⅶ＆練気Ⅶ・Ⅳ,2026/02/10
メイレン,SS,銃,満たされない思い,墜光球,フォーカスバレット,トライアングルライト,欠けた一部,烙印の裁き(打・陽),攻援の戦技Ⅵ＆練気Ⅱ・Ⅱ,2025/07/11
メカ,SS,銃,私が囮になります,スパークバレット,サンダーパイル,サンダーはどうほう,一所懸命の誘導,サンダープログラム,闘援の戦技Ⅴ・Ⅰ＆決意Ⅲ・Ⅳ,2025/05/16
めがみ,SS,体術,修復が必要な世界,輝炎三陣,あかねさす,ゴッデスブート,世界の修復の為に,めがみのひかり,体術の天稟・真Ⅵ＆決意Ⅵ・Ⅲ,2025/02/07
めがみ,SS,体術,墓場のめがみだよ,天の灼光,せいなるほのお,ムーンライトパンプキン,今夜はダークモード,エレメントボルテージ(熱・陽),闘いの極み・真Ⅷ＆練気Ⅶ・Ⅲ,2025/10/01
メサルティム,SS,杖,妖魔も変われますか？,アクアバルーン＋,ウォーターツイスト,フォールグラシエス,変化を望む妖魔,ヴァリアントフィールド,闘援の戦技Ⅴ・Ⅰ＆決意Ⅳ・Ⅳ,2025/07/11
メロトセロイ,SS,剣,甘いのよ。甘いよね。,びりびりブラスト,ユニオンサンダー,V-チョコレート,ふたりのチョコ交換,エレメントボルテージ(斬・雷),剣の天稟・真Ⅵ＆決意Ⅶ・Ⅲ,2025/02/14
メロトセロイ,SS,剣,欲しいかな欲しいよね,ダブるライトニング,電撃サプライズ,ウルトラ電撃サプライズ,楽しみなプレゼント,雷の領域,攻援の戦技Ⅶ＆練気Ⅰ,2025/12/24
モニカ(RS3),SS,小剣,一緒に参りましょう,フルチャージスティング,アンバーダンス,ピアッシングエイト,誰かの手を取れるように,プロテクションフィールド,攻援の戦技Ⅵ＆決意Ⅳ・Ⅲ,2024/12/17
モニカ(RS3),SS,小剣,見つけます、明日を,フレイムピアッシング,ブレイズペネトレイト,パルティードスタブ,明日を探して,エレメントフィールド(突・熱),攻援の戦技Ⅵ＆練気Ⅶ・Ⅲ,2025/03/26
モニカ(RS3),SS,小剣,あなたの為の水着です,陽光矢雨,アクロバットアロー,バカンスフラワーアロー,はじめての水着,共鳴領域(突・陽),攻援の戦技Ⅵ＆練気Ⅳ・Ⅲ,2025/08/01
モニカ(RS3),SS,小剣,馬に乗ると思い出す,ブレイズラッシュ＋,新春美陣,迎春梅花,心弾む乗馬,戦局攻勢Ⅶ(突・熱),攻援の戦技Ⅶ＆決意Ⅶ・Ⅳ,2025/12/31
モミジ,SS,体術,変わり身の術！？,烈火蹴り,分身連打・紅,飛翔連炎脚,鋭い足技,エレメントボルテージ(打・熱),闘いの天稟・真Ⅶ＆練気Ⅶ・Ⅵ,2025/10/24
モンド,SS,槍,我が約束の地,ブルーホリゾンタル,碧槍五閃,ツチノコゲッター,夢叶えしもの,突冷活性Ⅲ(腕力・精神),槍の極み・真Ⅶ＆練気Ⅳ・Ⅱ,2025/07/24
ゆきだるま,SS,棍棒,永久氷晶乱舞なのだ！,雪玉ノック,十連氷棍,ゆきだるまタックル,ゆきだるまの夢,永久氷晶と共に,闘いの極み・真Ⅷ＆練気Ⅶ・Ⅵ,2025/11/07
ユリアン,SS,剣,俺に任せとけって,開拓民の覚悟,スターバーストシュート,天墜七星撃,調子ノリノリの剣士,ヴァリアントフィールド,剣の極み・真Ⅶ＆練気Ⅹ・Ⅲ,2025/05/29
ユリアン,SS,剣,身は軽い方だぜ,輝閃連斬剣,アサルトトルネード,トリニティエッジ,身軽な剣技,アサルトフィールドⅢ,闘いの極み・真Ⅷ＆練気Ⅶ・Ⅵ,2025/10/31
ようせい,SS,槍,見つけたらお仕置きね,ライトランス,陽光三段,ようせいのイタズラ,ようせいの優しさ,ようせいのお仕置き,槍の極み・真Ⅶ＆練気Ⅱ・Ⅲ,2025/05/09
ヨハン,SS,体術,死ぬ気でなければ,雷震四撃,雷霆三乱舞,サンダーイグニッション,勝つ為に必要な思考,幻影雷光,体術の天稟・真Ⅵ＆練気Ⅱ,2025/05/29
ライザ,SS,体術,金魚一匹じゃね－,メテオフォールドライバー,クアトロランブル,お祭り大乱闘,金魚キャッチャー・ライザ,打撃激化Ⅵ(腕力・素早さ),闘援の戦技Ⅴ・Ⅰ＆練気Ⅶ・Ⅲ,2025/08/08
ライザ,SS,体術,テイクオフ！,練気ラッシュ＋,ディエスエンド＋,阿修羅車,大輪の旋風,ウェポンフィールドⅥ(体術),闘いの天稟・真Ⅶ＆練気Ⅹ・Ⅲ,2026/01/29
ラゼム,SS,大剣,水浴びは後のお楽しみ,光輪撃,サマーシャインスラッシュ,サマーナイトセイバー,水浴び大好き,アサルトフィールドⅢ,攻援の戦技Ⅵ＆練気Ⅹ・Ⅳ,2025/07/01
ラベール,SS,弓,アニマを射通して,風滅の裁き,刃風弓・六連,白刃の弓矢,最適の角度で,斬突激化Ⅵ(器用さ・知力),弓の天稟・真Ⅵ＆練気Ⅳ・Ⅲ,2025/04/01
ラベール,SS,弓,病んだ大人は治療だよ,風滅の裁き,ホークアイシールド,千本お注射,逃げられない治療,エレメントフィールド(斬・突),闘いの天稟・真Ⅶ＆練気Ⅶ・Ⅳ,2025/10/01
ラミレジィ,SS,小剣,お客様にお土産を,氷霜円舞剣＋,氷針五連,ビターフロストノヴァ,甘いひと時,アセンションフィールドⅥ(連携),闘いの天稟・真Ⅶ＆練気Ⅳ・Ⅲ,2026/02/10
リアム,SS,銃,これはヴィジョン？,アイスバレット,フローズンリロード,アイスマテリアルショット,塔の銃士,エレメントボルテージ(打・冷),銃の極み・真Ⅶ＆決意Ⅳ・Ⅲ,2024/12/06
リアム,SS,銃,格好付け過ぎかな？,スパークバレット,ゼクススパーク,ホワイトプラズマ,特別な装い,エレメントボルテージ(打・雷),銃の天稟・真Ⅵ＆練気Ⅴ・Ⅱ,2025/03/13
リアム,SS,銃,明日を信じて真直ぐに,アイスバレット,アクロバットグレイス,コンバートフローズン,明日を守る弾丸,スペシャルリロード,銃の天稟・真Ⅵ＆練気Ⅳ・Ⅱ,2025/05/29
リアム,SS,銃,大きな悪の気配が,氷雷装填,アイスチャージショット,エレキチャージショット,悪意への抵抗,打冷雷激化Ⅵ(器用さ),銃の極み・真Ⅶ＆決意Ⅲ・Ⅰ,2025/06/06
リアム,SS,銃,誰かの為に進む時,超風装填弾,超氷装填弾,超雷装填弾,トリプルバレット,フォートレスフィールド,闘いの天稟・真Ⅶ＆練気Ⅴ・Ⅲ,2025/12/06
リアルクィーン,SS,小剣,七英雄はタダのAU？,クィーンの刃,プレデターラッシュ,刃の竜巻,すべてを喰らう,エレメントボルテージ(斬・突),小剣の極み・真Ⅶ＆決意Ⅴ・Ⅲ,2025/02/21
リアルクィーン,SS,体術,我が贄となれ！,獄炎爪殺法,紅蓮天墜撃,プレデターチャージ,命を喰らう女王,エレメントフィールド(打・熱),闘いの極み・真Ⅷ＆練気Ⅹ・Ⅲ,2025/10/24
リズ・リン・ウッド,SS,弓,私のジョーを取り戻す,ピュアドロップ,水波の領域,水竜の猛撃,無窮の恩愛,プロテクションフィールド,攻援の戦技Ⅵ＆決意Ⅱ・Ⅲ,2024/12/11
リズ・リン・ウッド,SS,弓,新たな試練の先に,天降水竜,水竜の蒼光,マシンガンウォーター,私の未来,ヒーリングエリア,攻援の戦技Ⅵ＆決意Ⅳ・Ⅲ,2025/06/06
リタ,SS,杖,やっぱり魔法使うわ,雷雲球,雷雲の巨星,ブロッサムオーラ,負けず嫌いな魔女,アサルトフィールド,攻援の戦杖Ⅵ＆決意Ⅱ・Ⅲ,2025/01/08
リュート,SS,剣,慌てても仕方ないさ,護炎剣,ちからのうた,花開くうた,お気楽マイペース,ヴァリアントフィールド,闘援の戦技Ⅴ・Ⅰ＆決意Ⅰ・Ⅲ,2025/01/30
リュート,SS,剣,可愛い過ぎるだろう？,諸手突き,煌めきの音色,つるぎのうた,鼻歌の演奏者,チェインアーツ(ブルースタンピード),攻援の戦技Ⅵ＆決意Ⅲ,2025/08/29
リュート,SS,剣,真面になる時が来たな,炎輝斬,技巧の構え＋,決意のうた,真剣になるとき,アサルトフィールドⅢ,攻援の戦技Ⅶ＆決意Ⅱ・Ⅳ,2025/12/01
リラ,SS,棍棒,一打逆転チャンス,連打棍,サンライトドーム,根性落とし,頂の景色を求めて,プロテクションフィールド,攻援の戦技Ⅵ＆練気Ⅰ,2024/12/06
リラ,SS,棍棒,花見、三日目,お団子バスター,超レディアントダイヴ,サンライトホームラン,花見上等,エレメントボルテージ(打・陽),棍棒の極み・真Ⅶ＆練気Ⅶ・Ⅰ,2025/03/07
リラ,SS,棍棒,カチコミ！,日輪殴打,陽光双打,サンライトボルテージ,印不亞威斗,ゼロレンジフィールド,棍棒の極み・真Ⅶ＆練気Ⅹ・Ⅲ,2025/06/17
リラ,SS,棍棒,ケジメへ,武血義理スマッシュ,全身全霊フルスイング,決意の一撃,ライラ・リゾルブ,アタシの戦い,任侠の戦技Ⅷ＆決意Ⅶ・ⅩⅩ,2025/11/28
リラ,SS,棍棒,雲上雲下　唯我独尊,無限地獄＋,ライジングハンマー,入魂投打,特製特攻服,インファイトフィールド,棍棒の極み・真Ⅶ＆練気Ⅹ・Ⅲ,2025/11/28
リン,SS,体術,美味しいは正義！,赤い気迫,燃え燃えふみつけ,てんしんエール,大食い格闘家,美味しいものは太らない,攻援の戦技Ⅶ＆練気Ⅳ・Ⅲ,2025/09/09
リン,SS,体術,箭疾歩で一気に行くよ,烈火蹴り,炎舞短勁＋,飛雷緑紅連撃,進撃の火蓋,打熱激化Ⅵ(腕力・素早さ),闘いの極み・真Ⅶ＆練気Ⅴ・Ⅲ,2026/01/22
リンダ,SS,槍,カフェ　シーメイド,ライトニングバブル,ウォーターオーラ,ラブリーサービス,シーメイドのおもてなし,アセンションフィールドⅥ(冷・雷),攻援の戦技Ⅶ＆決意Ⅱ・Ⅵ,2025/09/09
ルイース・ダーリング,SS,体術,最後の燈台守,カムイ＋,チャンピオンラッシュ,彗星蹴り,打突激化Ⅴ(腕力・素早さ),革命の一撃Ⅱ,体術の天稟・真Ⅵ＆練気Ⅲ・Ⅱ,2025/08/29
ルージュ,SS,杖,私の勝ちだ！,インプロージョン,シャドウブレイズ,イグナイトカルタ,禁呪の札遊び,エレメントボルテージ(熱・陰),攻援の戦技Ⅵ＆練気Ⅳ・Ⅲ,2025/01/08
ルージュ,SS,杖,同時に術を出せ！,陰朱弾,ノクスジャッジメント,宿命の共演・蒼,紅蓮の魔術師,闇の支流,杖の極み・真Ⅶ＆練気Ⅳ・Ⅱ,2025/07/11
ルビィ,SS,杖,ここに居ていいの？,灼光,スパイラルブレイズ,陽炎の舞,読み取る運命,エレメントフィールド(熱・陽),杖の極み・真Ⅶ＆練気Ⅶ・Ⅰ,2024/12/17
レオナルド(SSG),SS,大剣,負けられねえぞ！,バーティカルプロテクト,超バイオレンスダイヴ,ぶっ込みコンボ,気合いのツチノコ探索,斬打激化Ⅵ(腕力・体力),大剣の極み・真Ⅶ＆練気Ⅶ・Ⅲ,2025/07/24
レオニード,SS,体術,弦が切れるまで,鮮血波紋,デルタレイダーク,ブラッディフィナーレ,あざとさなら負けない,闇の領域,攻援の戦技Ⅶ＆練気Ⅲ・Ⅲ,2025/08/29
レオン,SS,剣,救いは自らの内にあり,シャインエッジ,フォートレスソード,護光城門,皇帝としての責務,アサルトフィールドⅢ,攻援の戦技Ⅶ＆練気Ⅷ・Ⅱ,2025/11/14
レギン,SS,棍棒,どんな得物も直します,錬鋼乱打,フォージング,エクストラリフォージ,どんな得物もお任せ,武器ならお手のもの,棍棒の極み・真Ⅶ＆決意Ⅰ・Ⅲ,2025/03/19
レスリー,SS,剣,追い掛けたんじゃない,アクアキュア,攻守合一＋,アイシクルブレード,ヴァリアントエリア,攻防の希望Ⅲ,剣の天稟Ⅵ,2025/02/01
レスリー,SS,剣,身分の違いを超えたら,蒼氷剣(剣技),氷華乱舞＋,想い届けるチョコレイン,チョコレートに想いを乗せて,攻勢激化Ⅶ(斬・冷),攻援の戦技Ⅶ＆練気Ⅴ・Ⅲ,2026/02/10
レン,SS,体術,迷子になったのか？,フラッシュスピン,大乱闘,ラブチアーストライク,二人で楽しむ文化祭,エレメントボルテージ(打・陽),闘いの極み・真Ⅷ＆練気Ⅶ・Ⅳ,2025/09/09
ローズ(SF1),SS,銃,はなタコおじさん,特製たこ焼き,特製フォーチュンたこ焼き,特製リスキーたこ焼き,タコおじさんのたこ焼き,ヴァリアントフィールド,攻援の戦技Ⅶ＆決意Ⅳ,2025/09/09
ローニン,SS,大剣,そこにいるのは誰だ？,薙流剣,居合い八閃,剣士の波紋,サムライの第六感,サムライの心得,闘いの天稟・真Ⅶ＆練気Ⅹ・Ⅵ,2025/11/29
ローラ,SS,槍,生きてる方が勝ちさ,桜華突き,桃幻槍嵐,地穿の刻槍,強運な戦士,ヒーリングエリア,闘援の戦技Ⅴ・Ⅰ＆練気Ⅳ・Ⅲ,2025/09/25
ロックブーケ,SS,杖,私は一人でいいの,黒電三連弾,四闇落冷,ブラックブリザード,唯一の存在,勝利を捧げる,杖の極み・真Ⅶ＆決意Ⅴ・Ⅲ,2025/02/28
ロックブーケ,SS,杖,可愛い霊の仲間入り,ノワールエクレール,冥霆破,ターコイズオーグメント,みんな私の虜,エレメントフィールド(雷・陰),攻援の戦技Ⅶ＆練気Ⅹ・Ⅴ,2025/10/24
ロビン,SS,小剣,怪傑ロビンが守る,スパークピアス,ロビンズサンダー,怪傑六突,怪傑の秘技,アサルトフィールドⅢ,小剣の極み・真Ⅶ＆練気Ⅲ・Ⅱ,2025/06/01
ロビン,SS,小剣,どこでもロビンだ！,クワトロビン・V,クワトロビン・H,ジャッジメントロビン,キミを助ける！,突雷激化Ⅵ(器用さ・素早さ),闘いの天稟・真Ⅶ＆練気Ⅹ・Ⅵ,2025/11/07
ロベルト,SS,弓,俺が案内してやるよ,ミサイルガード＋,激烈弓,疾風の超弓,生まれつきの才能,オーバーステータスフィールド,超援の戦技Ⅵ＆練気Ⅳ・Ⅱ,2025/04/10
ロリカリア,SS,小剣,踊るように舞うように,氷雪刻＋,アクアコレオ,ユニオンダンシング,水のように舞う,絆の領域,攻援の戦技Ⅶ＆練気Ⅴ・Ⅴ,2025/10/24
王者,SS,体術,目指すべき高みへ,波動短勁,チャンピオンラッシュ,逆境砕拳,真のチャンピオンを目指して,力を求めて,体術の極み・真Ⅶ＆決意Ⅳ・Ⅲ,2025/01/16
加藤忍,SS,大剣,充実した日々を,バーティカルプロテクト,車輪剣,斬撃舞,従士1541-3837,魔女従士の心得,鉄壁の戦技Ⅶ＆練気Ⅱ・Ⅱ,2025/01/16
河馬人間,SS,杖,…まさかモブ勢？,トリオフレイム＋,極楽の一杯,乱れファイアボール＋,アサルトフィールドⅢ,プロテクションフィールド,杖の天稟・真Ⅵ＆決意Ⅱ・Ⅲ,2025/07/28
海の主の娘,SS,杖,なんて自由なの！,アクアキュア,アクアボンバー,蒼海の恵み,夢の姿,ヴァリアントフィールド,攻援の戦技Ⅵ＆決意Ⅲ,2025/02/07
海の主の娘,SS,杖,私の想いのすべてを,雷雨＋,サンダーギフト,びりびりビッグプレゼント,内緒のプレゼント,癒しの領域,攻援の戦技Ⅶ＆練気Ⅵ・Ⅳ,2025/12/24
奇面草,SS,杖,ジャンプだ、ジャンプ,ロックスティング＋,ローズウィップ,ソーンジェイル,飛んだり跳ねたり,モンスターの結束,妨害の戦技Ⅴ＆練気Ⅴ・Ⅱ,2026/01/08
鬼八,SS,剣,当然食い気だろう,弍電剣,満腹稲妻剣,捌鬼雷鳴,腹ペコ剣士,アサルトフィールド,剣の極み・真Ⅶ＆決意Ⅶ・Ⅲ,2024/12/24
鬼八,SS,剣,ただぶった斬るだけ,八重二振,紫水八墜,水鏡暗刃,全身全霊の剣技,エレメントボルテージ(斬・冷),剣の極み・真Ⅶ＆決意Ⅹ・Ⅷ,2025/06/06
鬼八,SS,剣,上品ぶってんじゃねえ,闘鬼斬波,冷鬼八旋,絶零十六閃,刻まれた記憶,斬冷活性Ⅲ(腕力・精神),闘いの極み・真Ⅷ＆練気Ⅹ・Ⅴ,2025/10/16
鬼八,SS,剣,ヒールは任せな！,式電剣,雷撃捌打,雷禍十六夜,二刀の凶器,ボルテージアーツ,闘いの極み・真Ⅷ＆練気Ⅹ・Ⅳ,2026/01/29
教授,SS,銃,温泉よ、温泉！,温泉曲射,アイスショットダンス,どきどき★温泉水鉄砲,ゴージャスな足湯,ヴァリアントフィールド,攻援の戦技Ⅶ＆練気Ⅱ・Ⅳ,2025/11/01
金獅子姫,SS,大剣,姫とは心のあり様では,ライオネススクラッチ,輝天昇斬＋,ゴールデンアサルト,44番目の寵姫,グラディエーターフィールド,闘いの極み・真Ⅷ＆練気Ⅹ・Ⅲ,2025/10/16
銀の少女,SS,体術,この力は世界を滅する,連打脚,蒼冷帯力,トリプルジェット,混沌に反する者,ヴァリアントエリア,体術の天稟・真Ⅵ＆練気Ⅳ・Ⅱ,2025/07/20
玄竜,SS,体術,やはり罠だったな,ブレイズブリザード,炎柱氷連弾,ロアリングメルト,聡明なドラゴン,ドラゴンチェイン,体術の極み・真Ⅶ＆練気Ⅴ・Ⅲ,2025/06/26
御堂綱紀,SS,小剣,人の力になるのが務め,ガンアンドアサルト,銃剣四連,クグツ銃剣連携,世界を護るクグツ使い,ヴァリアントフィールド,小剣の極み・真Ⅶ＆練気Ⅶ・Ⅱ,2025/04/24
御堂綱紀,SS,小剣,道は切り拓いていく,クグツオーダー,操技剣・ボウ,操技剣・スクネ,道を切り拓く,エレメントフィールド(打・突),闘いの極み・真Ⅷ＆練気Ⅲ・Ⅲ,2025/09/17
御堂綱紀,SS,小剣,進むべき道はどこに,サンダースティング,テトラボルト,雷轟の一突き,波動に頼らずとも,雷鳴連携,闘いの極み・真Ⅷ＆練気Ⅹ・Ⅱ,2026/01/15
最終皇帝(女),SS,大剣,皆の連携が重要です,光輪撃,ホーリーフォース,ムーンエンチャント,呼吸を感じて,天啓の剣術,大剣の天稟・真Ⅵ＆決意Ⅲ・Ⅲ,2025/02/28
最終皇帝(女),SS,大剣,これは攻撃なのか？,ライトクロス,バーティカルヘイロー,バーティカルホーリーレイ,終わらぬ戦い,アサルトフィールドⅢ,攻援の戦技Ⅵ＆練気Ⅳ・Ⅲ,2025/07/18
最終皇帝(女),SS,大剣,為すべき最善のことを,聖輪双,ルクスオーバーエッジ,ルクスオーバーエンチャント,人々と守る未来,ドライブオーダー,超援の戦技Ⅶ＆練気Ⅶ・Ⅱ,2025/11/21
最終皇帝(男),SS,大剣,受け継ぐ者の責務,剣光三閃,光明の剣技,幻日閃光,皇帝の責務,エレメントボルテージ(斬・陽),大剣の天稟・真Ⅵ＆練気Ⅴ・Ⅲ,2025/01/30
最終皇帝(男),SS,大剣,何かが大きく変わった,ライトクロス,黄金閃光剣,セレスティアルレイ,皇帝の戦術,リザーブフィールドⅣ,攻援の戦技Ⅵ＆練気Ⅶ・Ⅱ,2025/05/29
最終皇帝(男),SS,大剣,勝利への道を探そう,ホーリーフォース,聖光十五閃,セイクリッドブレード,エンペラーロード,ハイエレメントボルテージ(斬・陽),闘いの極み・真Ⅷ＆練気Ⅹ・Ⅵ,2026/01/22
詩人,SS,棍棒,私が詩を贈ります,プロテクトヒット,祝宴弦楽祭,祝砲の奏,全ての旅人へ捧ぐ詩,エレメントフィールド(打・陽),闘援の戦技Ⅴ・Ⅰ＆練気Ⅱ・Ⅱ,2024/12/17
時の君,SS,杖,この時間は本物か？,タイムアクセラレーション,タイムディサレーション,宵獄,時間なき空間,エクストラエリア(陰),攻援の戦技Ⅵ＆決意Ⅲ・Ⅴ,2025/07/11
聖王,SS,槍,私は聖人とは違います,ヘヴィパイク＋,クアッドランス,ランスオーナメント,プレゼントを届ける者,エレメントボルテージ(突・陽),槍の極み・真Ⅶ＆練気Ⅱ・Ⅱ,2024/12/24
聖王,SS,槍,遅いではありませんか,二連輝槍,花見のひととき,ブロッサムランス,イカヅチの断片を辿って,悪意なき世界,攻援の戦技Ⅵ＆練気Ⅱ・Ⅱ,2025/03/07
聖王,SS,槍,少しだけ姿が見えた,二連輝槍,セブンスホーリー,導きの歌声,雲の奥の真実,ヴァリアントフィールド,槍の極み・真Ⅶ＆練気Ⅴ・Ⅲ,2025/06/11
聖王,SS,槍,戦う時が来たようです,ライトランス,セイクリッドジャベリン,勝利の御旗,狼煙を上げる時,勝利の絆,超援の戦技Ⅶ＆練気Ⅴ・Ⅰ,2025/12/11
白銀の皇帝,SS,大剣,丁寧な出迎え感謝する,剣光三閃,銀鱗躍動,天翔白銀撃,希望の象徴,斬陽激化Ⅵ(腕力・体力),攻援の戦技Ⅵ＆練気Ⅶ・Ⅱ,2025/06/11
白薔薇姫,SS,杖,おめでとうございます,光球弾＋,四光御降,落とし光珠,新年の門出,プロテクションフィールド,攻援の戦技Ⅵ＆決意Ⅲ,2024/12/31
白薔薇姫,SS,杖,思い人の為の姫として,天日の光＋,トリニティグレア,フラワーサンクチュアリ,誰かの為の姫,ヒーリングエリア,闘援の戦技Ⅴ・Ⅰ＆決意Ⅵ・Ⅲ,2025/10/09
零姫,SS,杖,生命の力強さを見よ,スネークシャドウ,幻魂踊,胡蝶紫晶,力強く尊いもの,エレメントボルテージ(冷・陰),杖の極み・真Ⅶ＆練気Ⅶ・Ⅱ,2025/02/07
零姫,SS,杖,我らは姫ではない,夜天の氷雨,ブリザードブレイク,シャドウフロストノヴァ,名ばかりの姫,エレメントボルテージ(冷・陰),闘いの天稟・真Ⅶ＆練気Ⅹ・Ⅵ,2025/10/09
